Variable,Test Statistic,p-value,#Lags Used,Number of Observations Used,Critical Value (1%),Critical Value (5%),Critical Value (10%),Stationary
Federal Funds Rate,-2.7070130670230124,0.07283254455464275,19,1000,-3.4369061654329998,-2.86443457404,-2.568311209,True
GDP,5.47334069355986,1.0,21,998,-3.4369193380671,-2.864440383452517,-2.56831430323573,True
CPI,2.9038073488576988,1.0,15,1004,-3.436879978012783,-2.86442302475405,-2.568305057578451,True
Non-Farm Employment,-0.007990408934581751,0.9578662752825267,2,1017,-3.4367962951894597,-2.8643861179328973,-2.5682854002411317,True
Unemployment Rate,-3.789298668554096,0.0030187210198267004,1,1018,-3.4367899468008916,-2.8643833180472744,-2.5682839089705536,True
